
INSERT INTO NACAO VALUES ('BRASIL', 'AMERICA', 365, 'Ouviram do Ipiranga as margens placidas ...', 'FUTEBOL', '../IMAGE/BRASIL.PNG');
INSERT INTO NACAO VALUES ('CUBA', 'AMERICA', 98, 'Al combate corred Bayameses! Que la patria os contempla orgullosa ...', 'BOXE', '../IMAGE/CUBA.PNG');
INSERT INTO NACAO VALUES ('CHILE', 'AMERICA', 76, 'Puro, Chile, es tu cielo azulado, puras brisas te cruzan tambien ...', 'TENIS', '../IMAGE/CHILE.PNG');
INSERT INTO NACAO VALUES ('AUSTRALIA', 'OCEANIA', 155, 'Australians all let us rejoice, For we are young and free ...', 'RUGBY', '../IMAGE/AUSTRALIA.PNG');
INSERT INTO NACAO VALUES ('NOVA ZELANDIA', 'OCEANIA', 60, 'God of nations at Thy feet, In the bonds of love we meet, ...', 'RUGBY', '../IMAGE/NOVAZELANDIA.PNG');
INSERT INTO NACAO VALUES ('CINGAPURA', 'OCEANIA', 25, 'Mari kita rakyat Singapura, Sama-sama menuju bahagia...', 'CICLISMO', '../IMAGE/CINGAPURA.PNG');
INSERT INTO NACAO VALUES ('RUSSIA', 'ASIA', 400, 'Rossiya - svyashchennaya nasha dyerzhava Rossiya - lyubimaya nasha strana ...', 'BASQUETE', '../IMAGE/RUSSIA.PNG');
INSERT INTO NACAO VALUES ('INDIA', 'ASIA', 80, 'Jana gana mana adhinayak jay he Bharat bhagya vidhata Punjab Sindh Gujarat ...', 'BEISEBOL', '../IMAGE/INDIA.PNG');
INSERT INTO NACAO VALUES ('CHINA', 'ASIA', 650, 'Qilai! Buyuan zuo nuli de renmen, Ba women de xuerou zhucheng ...', 'TENIS DE MESA', '../IMAGE/CHINA.PNG');
INSERT INTO NACAO VALUES ('ALEMANHA', 'EUROPA', 201, 'Deutschland, Deutschland Uber alles Uber alles in der Welt ...', 'FUTEBOL', '../IMAGE/ALEMANHA.PNG');
INSERT INTO NACAO VALUES ('ITALIA', 'EUROPA', 240, 'Fratelli dItalia, LItalia sE desta ...', 'VOLEI', '../IMAGE/ITALIA.PNG');
INSERT INTO NACAO VALUES ('FRANCA', 'EUROPA', 198, 'Allons enfants de la Patrie Le jour de gloire est arrive...', 'FUTEBOL', '../IMAGE/FRANCA.PNG');
INSERT INTO NACAO VALUES ('NIGERIA', 'AFRICA', 58, 'Arise, O compatriots, Nigerias call obey To serve our fatherland...', 'FUTEBOL', '../IMAGE/NIGERIA.PNG');
INSERT INTO NACAO VALUES ('SENEGAL', 'AFRICA', 20, 'Pincez tous vos koras, frappez les balafons Le lion a rugi...', 'BOXE', '../IMAGE/SENEGAL.PNG');
INSERT INTO NACAO VALUES ('ANGOLA', 'AFRICA', 14, 'O Patria, nunca mais esqueceremos Os herois do 4 de Fevereiro...', 'FUTEBOL', '../IMAGE/ANGOLA.PNG');

INSERT INTO FUNCAO_PESSOA VALUES ('ATLETA', 'NIG00000000');
INSERT INTO FUNCAO_PESSOA VALUES ('ATLETA', 'CHI00000001');
INSERT INTO FUNCAO_PESSOA VALUES ('ATLETA', 'NIG00000002');
INSERT INTO FUNCAO_PESSOA VALUES ('ATLETA', 'ITA00000003');
INSERT INTO FUNCAO_PESSOA VALUES ('ATLETA', 'BRA00000004');
INSERT INTO FUNCAO_PESSOA VALUES ('ATLETA', 'CUB00000005');
INSERT INTO FUNCAO_PESSOA VALUES ('ATLETA', 'FRA00000006');
INSERT INTO FUNCAO_PESSOA VALUES ('ATLETA', 'BRA00000007');
INSERT INTO FUNCAO_PESSOA VALUES ('ATLETA', 'BRA00000008');
INSERT INTO FUNCAO_PESSOA VALUES ('ATLETA', 'BRA00000009');
INSERT INTO FUNCAO_PESSOA VALUES ('PREPARADOR', 'FRA00000010');
INSERT INTO FUNCAO_PESSOA VALUES ('PREPARADOR', 'CUB00000011');
INSERT INTO FUNCAO_PESSOA VALUES ('PREPARADOR', 'NIG00000012');
INSERT INTO FUNCAO_PESSOA VALUES ('PREPARADOR', 'FRA00000013');
INSERT INTO FUNCAO_PESSOA VALUES ('PREPARADOR', 'NIG00000014');
INSERT INTO FUNCAO_PESSOA VALUES ('PREPARADOR', 'CUB00000015');

INSERT INTO MODALIDADE VALUES (1, 'FUTEBOL', '22 PESSOAS CORRENDO ATRAS DE UMA BOLA');
INSERT INTO MODALIDADE VALUES (2, 'BASQUETE', '10 PESSOAS QUICANDO UMA BOLA');
INSERT INTO MODALIDADE VALUES (3, 'VOLEI', '12 PESSOAS JOGANDO UMA BOLA PARA O ALTO');
INSERT INTO MODALIDADE VALUES (4, 'SALTO COM VARA', 'COMPETICAO DE SALTO MAIS ALTO COM VARA');
INSERT INTO MODALIDADE VALUES (5, 'BOXE', 'PESSOAS COM LUVAS NA MAO TROCANDO GOLPES');
INSERT INTO MODALIDADE VALUES (6, 'TENIS', 'PESSOAS COM RAQUETES JOGANDO BOLINHAS');
INSERT INTO MODALIDADE VALUES (7, 'TENIS DE MESA', 'PESSOAS COM RAQUETES JOGANDO BOLINHAS MENORES');
INSERT INTO MODALIDADE VALUES (8, 'RUGBY', 'FUTEBOL AMERICANO SEM PROTECAO');
INSERT INTO MODALIDADE VALUES (9, 'CICLISMO', 'CORRIDA DE BICICLETA');
INSERT INTO MODALIDADE VALUES (10, 'BEISEBOL', 'USO DE TACOS PARA REBATAR A BOLA LONGE');

INSERT INTO EMAIL VALUES ('GEPETO@BCC.COM','123456');
INSERT INTO EMAIL VALUES ('BERNA@BCC.COM','123456');
INSERT INTO EMAIL VALUES ('ASH@BCC.COM','123456');
INSERT INTO EMAIL VALUES ('JORGE@BCC.COM','123456');

INSERT INTO DIAGNOSTICO VALUES (1, 'QUEBROU A PERNA');
INSERT INTO DIAGNOSTICO VALUES (2, 'QUEBROU O BRACO');
INSERT INTO DIAGNOSTICO VALUES (3, 'TORCEU O PE');

INSERT INTO RECUPERACAO VALUES (1, 'FISIOTERAPIA E ESTEIRA', '8H DE SONO E 30M DE COCHILO APOS O ALMOCO');
INSERT INTO RECUPERACAO VALUES (2, 'ESTEIRA', '9H DE SONO E 1H DE SAUNA');
INSERT INTO RECUPERACAO VALUES (3, 'FISIOTERAPIA E  HIDROGINASTICA', '7H DE SONO E 30M DE MASSAGEM A NOITE');

INSERT INTO TREINO VALUES (1, 'MUSCULACAO E AEROBICO', 'FRANGO E BATATA DOCE');
INSERT INTO TREINO VALUES (2, 'MUSCULACAO', 'ATUM, OVO DE CODORNA E BANANA');
INSERT INTO TREINO VALUES (3, 'CORRIDA NA ESTEIRA E CORRIDA NA PISTA', 'ALFACE, BROCOLIS E VAGEM');

INSERT INTO MEDICO VALUES ('111487', '54575424', 'RUA ALAMEDA DOS ANJOS, 113' , 'PEDRO ORTOLANI');
INSERT INTO MEDICO VALUES ('222487', '52151233', 'RUA ALAMEDA DOS DEMONIOS, 14', 'JOAO CARLOS ROBIRA');
INSERT INTO MEDICO VALUES ('333487', '58752144', 'AVENIDA PARAGUASSU, 213', 'JULIA MINETTO');
INSERT INTO MEDICO VALUES ('444487', '51245847', 'RUA FERNANDES ALMEIRA, 5', 'FABIANA TORTORELLI');

INSERT INTO MEDICO_TELEFONE VALUES ('111487', '12341234');
INSERT INTO MEDICO_TELEFONE VALUES ('222487', '12341111');
INSERT INTO MEDICO_TELEFONE VALUES ('333487', '55555234');

INSERT INTO PREPARADOR (NUM_PASSAPORTE, NOME_PREPARADOR, DATA_NASCIMENTO, SEXO, PAIS_PREPARADOR, EMAIL_NOME) VALUES ('FRA00000010', 'GIOVANI ORTOLANI' , TO_DATE('20/01/1984', 'DD/MM/RRRR'), 'M', 'FRANCA', 'GEPETO@BCC.COM');
INSERT INTO PREPARADOR (NUM_PASSAPORTE, NOME_PREPARADOR, DATA_NASCIMENTO, SEXO, PAIS_PREPARADOR, EMAIL_NOME) VALUES ('CUB00000011', 'BERNARDO SOUSA' , TO_DATE('30/11/1984', 'DD/MM/RRRR'), 'M', 'CUBA', 'BERNA@BCC.COM');
INSERT INTO PREPARADOR (NUM_PASSAPORTE, NOME_PREPARADOR, DATA_NASCIMENTO, SEXO, PAIS_PREPARADOR, EMAIL_NOME) VALUES ('NIG00000012', 'GABRIEL LUIZ' , TO_DATE('12/03/1995', 'DD/MM/RRRR'), 'M', 'NIGERIA', 'ASH@BCC.COM');
INSERT INTO PREPARADOR (NUM_PASSAPORTE, NOME_PREPARADOR, DATA_NASCIMENTO, SEXO, PAIS_PREPARADOR, EMAIL_NOME) VALUES ('FRA00000013', 'JORGE TROLER', TO_DATE('24/09/1988', 'DD/MM/RRRR'), 'M', 'FRANCA', 'JORGE@BCC.COM');

INSERT INTO PREPARADOR_TELEFONE VALUES ('FRA00000010', '89658858');
INSERT INTO PREPARADOR_TELEFONE VALUES ('CUB00000011', '89547444');
INSERT INTO PREPARADOR_TELEFONE VALUES ('NIG00000012', '87484578');
INSERT INTO PREPARADOR_TELEFONE VALUES ('FRA00000013', '2424242424');

INSERT INTO ATLETA VALUES ('NIG00000000', 'ROBIRO', TO_DATE('12/12/1994', 'DD/MM/RRRR'), 'M', 68.2, 1.69, 'REGULAR', 0, 1, 'NIGERIA', 'FRA00000010');
INSERT INTO ATLETA VALUES ('NIG00000002', 'USAIN BOLT', TO_DATE('14/12/1992', 'DD/MM/RRRR'), 'M', 88.2, 1.99, 'REGULAR', 0, 2, 'NIGERIA', 'FRA00000010'); 
INSERT INTO ATLETA VALUES ('BRA00000004', 'MAYWEATHER', TO_DATE('12/12/1994', 'DD/MM/RRRR'), 'M', 103.4, 1.79, 'REGULAR', 0, 1, 'BRASIL', 'CUB00000011');
INSERT INTO ATLETA VALUES ('BRA00000008', 'ELIDIO', TO_DATE('04/12/1999', 'DD/MM/RRRR'), 'M', 73.2, 1.58, 'BANIDO', 3, 8, 'BRASIL', 'FRA00000010');
INSERT INTO ATLETA VALUES ('BRA00000009', 'JULIA', TO_DATE('01/04/1990', 'DD/MM/RRRR'), 'F', 73.2, 1.58, 'IRREGULAR', 1, 8, 'BRASIL', 'FRA00000010');

INSERT INTO TIPO_OCORRENCIA VALUES (1, 'TESTE');
INSERT INTO TIPO_OCORRENCIA VALUES (2, 'TESTE');
INSERT INTO TIPO_OCORRENCIA VALUES (3, 'DOPING');

INSERT INTO ROTINA VALUES (3, 6, 'DOMINGO', 'FRA00000010', 3, 3);
INSERT INTO ROTINA VALUES (1, 4, 'SEGUNDA', 'FRA00000010', 1, 1);
INSERT INTO ROTINA VALUES (2, 6, 'SABADO', 'FRA00000010', 1, 3);

INSERT INTO ATLETA_ROTINA VALUES ('NIG00000000', 1);
INSERT INTO ATLETA_ROTINA VALUES ('NIG00000000', 2);
INSERT INTO ATLETA_ROTINA VALUES ('BRA00000008', 3);
INSERT INTO ATLETA_ROTINA VALUES ('NIG00000000', 3);

INSERT INTO ATENDIMENTO VALUES ('111487', 'NIG00000000');
INSERT INTO ATENDIMENTO VALUES ('222487', 'BRA00000004');
INSERT INTO ATENDIMENTO VALUES ('333487', 'NIG00000000');

INSERT INTO TESTE_DOPING VALUES (1, TO_DATE('02/02/1992', 'DD/MM/RRRR'), 'NIG00000000', '111487', 'NEGATIVO');
INSERT INTO TESTE_DOPING VALUES (2, TO_DATE('02/02/1992', 'DD/MM/RRRR'), 'NIG00000000', '333487', 'NEGATIVO');
INSERT INTO TESTE_DOPING VALUES (3, TO_DATE('02/02/1992', 'DD/MM/RRRR'), 'BRA00000004', '222487', 'POSITIVO');

INSERT INTO LESAO VALUES (1, TO_DATE('01/01/1900', 'DD/MM/RRRR'), 'NIG00000000' , '111487', 'QUEBROU A PERNA');
INSERT INTO LESAO VALUES (2, TO_DATE('01/01/1900', 'DD/MM/RRRR'), 'BRA00000004' , '222487', 'QUEBROU A PERNA');
INSERT INTO LESAO VALUES (3, TO_DATE('01/01/2014', 'DD/MM/RRRR'), 'NIG00000000' , '333487', 'QUEBROU O BRACO');

INSERT INTO TRATAMENTO VALUES (1, 1, 'MUITO EFETIVO', 'ACUPUNTURA');
INSERT INTO TRATAMENTO VALUES (2, 1, 'POUCO EFETIVO', 'REPOUSO');
INSERT INTO TRATAMENTO VALUES (3, 3, 'MUITISSIMO EFETIVO', 'HOMEOPATIA');

INSERT INTO CONSULTA VALUES (TO_DATE('13/04/1984', 'DD/MM/RRRR'), 'BRA00000004', '222487', 1);
INSERT INTO CONSULTA VALUES (TO_DATE('13/04/1984', 'DD/MM/RRRR'), 'NIG00000000', '111487', 1);
INSERT INTO CONSULTA VALUES (TO_DATE('13/04/1984', 'DD/MM/RRRR'), 'NIG00000000', '333487', 1);

INSERT INTO CONSULTA_SINTOMAS VALUES (TO_DATE('13/04/1984', 'DD/MM/RRRR'), 'NIG00000000', '111487', 'DOR NO OUVIDO');
INSERT INTO CONSULTA_SINTOMAS VALUES (TO_DATE('13/04/1984', 'DD/MM/RRRR'), 'NIG00000000', '111487', 'DOR NO PE');
INSERT INTO CONSULTA_SINTOMAS VALUES (TO_DATE('13/04/1984', 'DD/MM/RRRR'), 'NIG00000000', '333487', 'DOR NA VIRILHA');
INSERT INTO CONSULTA_SINTOMAS VALUES (TO_DATE('13/04/1984', 'DD/MM/RRRR'), 'BRA00000004', '222487', 'UNHA QUEBRADA');


